{
    "Version": "2012-10-17",
    "Statement": [
        {
            "Effect": "Allow",
            "Action": [
                "cloudformation:DescribeStackEvents",
                "cloudformation:CreateStack",
                "cloudformation:DeleteStack",
                "cloudformation:DescribeStackResources",
                "cloudformation:UpdateStack",
                "cloudformation:DescribeStackResource",
                "cloudformation:DescribeStacks",
                "cloudformation:ListStackResources",
                "cloudformation:ListStacks"
            ],
            "Resource": "arn:aws:cloudformation:*:<account_id>:stack/*/*"
        },
        {
            "Effect": "Allow",
            "Action": [
                "cloudformation:ValidateTemplate",
                "cloudformation:GetTemplateSummary",
                "cloudformation:CreateUploadBucket"
            ],
            "Resource": "*"
        }
    ]
}