{
    "Version": "2012-10-17",
    "Statement": [
        {
            "Effect": "Allow",
            "Action": [
                "iam:GetRole",
                "iam:UpdateAssumeRolePolicy",
                "iam:ListRoleTags",
                "iam:GetPolicy",
                "iam:CreateRole",
                "iam:AttachRolePolicy",
                "iam:PutRolePolicy",
                "iam:CreatePolicy",
                "iam:PassRole",
                "iam:ListAttachedRolePolicies",
                "iam:DeleteRolePolicy",
                "iam:ListRolePolicies",
                "iam:DetachRolePolicy",
                "iam:GetRolePolicy"
            ],
            "Resource": [
                "arn:aws:iam::<account_id>:policy/*",
                "arn:aws:iam::<account_id>:role/*"
            ]
        },
        {
            "Effect": "Allow",
            "Action": [
                "iam:ListPolicies",
                "iam:ListRoles",
                "iam:DeleteRole"
            ],
            "Resource": "*"
        }
    ]
}