{
    "Version": "2012-10-17",
    "Statement": [
        {
            "Effect": "Allow",
            "Action": [
                "lambda:CreateFunction",
                "lambda:AddPermission",
                "lambda:ListVersionsByFunction",
                "lambda:GetFunction",
                "lambda:GetFunctionConfiguration",
                "lambda:DeleteFunction",
                "lambda:InvokeFunction",
                "lambda:PublishVersion"
            ],
            "Resource": "arn:aws:lambda:*:<account_id>:function:*"
        },
        {
            "Effect": "Allow",
            "Action": [
                "lambda:PublishLayerVersion",
                "lambda:GetLayerVersion",
                "lambda:DeleteLayerVersion"
            ],
            "Resource": "arn:aws:lambda:*:<account_id>:layer:*"
        }
    ]
}