{
    "Version": "2012-10-17",
    "Statement": [
        {
            "Effect": "Allow",
            "Action": [
                "s3:CreateBucket",
                "s3:ListBucket",
                "s3:DeleteBucket",
                "s3:GetBucketPolicy",
                "s3:PutEncryptionConfiguration",
                "s3:GetBucketPolicyStatus",
                "s3:DeleteBucketPolicy",
                "s3:PutBucketPolicy"
            ],
            "Resource": "arn:aws:s3:::*"
        },
        {
            "Effect": "Allow",
            "Action": [
                "s3:PutObject",
                "s3:GetObject",
                "s3:DeleteBucket"
            ],
            "Resource": "arn:aws:s3:::*"
        }
    ]
}