{
    "Version": "2012-10-17",
    "Statement": [
        {
            "Sid": "VisualEditor0",
            "Effect": "Allow",
            "Action": [
                "sns:ListTagsForResource",
                "sns:ListSubscriptionsByTopic",
                "sns:GetTopicAttributes"
            ],
            "Resource": "arn:aws:sns:*:<accountid>:*"
        },
        {
            "Sid": "VisualEditor1",
            "Effect": "Allow",
            "Action": [
                "sns:ListSMSSandboxPhoneNumbers",
                "sns:ListTopics",
                "sns:GetPlatformApplicationAttributes",
                "sns:GetSubscriptionAttributes",
                "sns:ListSubscriptions",
                "sns:CheckIfPhoneNumberIsOptedOut",
                "sns:ListOriginationNumbers",
                "sns:ListPhoneNumbersOptedOut",
                "sns:ListEndpointsByPlatformApplication",
                "sns:GetEndpointAttributes",
                "sns:GetSMSSandboxAccountStatus",
                "sns:GetSMSAttributes",
                "sns:ListPlatformApplications"
            ],
            "Resource": "*"
        }
    ]
}